{"x_mean": [98.60179138183594, 3.4979166984558105, 25.008129119873047, 14.901058197021484, 49.96595764160156], "x_std": [57.133949279785156, 1.6947051286697388, 14.447044372558594, 8.673957824707031, 28.876991271972656], "y_mean": 113221.3046875, "y_std": 256859.921875, "features": ["size", "rooms", "age", "distance", "income_area"]}